{"stat.pickup.tconstruct.book":1,"stat.pickup.minecraft.bone":3,"stat.leaveGame":1,"stat.mineBlock.minecraft.cobblestone":23,"stat.pickup.minecraft.flint":2,"stat.mineBlock.appliedenergistics2.quartz_ore":12,"stat.swimOneCm":44175,"stat.pickup.bigreactors.brore":1,"achievement.buildWorkBench":1,"stat.pickup.xreliquary.mob_ingredient":3,"stat.mineBlock.gravestone.gravestone":6,"achievement.ae2.ChargedQuartz":6,"stat.mineBlock.deepresonance.resonating_ore":1,"stat.pickup.minecraft.bow":2,"achievement.exploreAllBiomes":{"value":0,"progress":["Beach","Stone Beach","Forest","Ocean","River","Extreme Hills","Deep Ocean"]},"stat.pickup.minecraft.rotten_flesh":5,"stat.craftItem.minecraft.furnace":1,"stat.pickup.thermalfoundation.ore":9,"stat.pickup.chisel.marbleextra":1,"stat.craftItem.minecraft.stone_axe":1,"stat.craftItem.minecraft.stone_pickaxe":6,"stat.craftItem.minecraft.cooked_beef":3,"stat.killEntity.Enderman":1,"stat.pickup.minecraft.cobblestone":20,"stat.craftItem.minecraft.stone_sword":1,"stat.flyOneCm":50986,"stat.pickup.appliedenergistics2.material":6,"stat.mineBlock.minecraft.sand":1,"achievement.buildPickaxe":12,"stat.killEntity.Witch":1,"stat.useItem.minecraft.cooked_beef":3,"achievement.buildBetterPickaxe":10,"stat.pickup.minecraft.redstone":4,"stat.mineBlock.minecraft.iron_ore":64,"stat.timeSinceDeath":39690,"stat.useItem.minecraft.iron_pickaxe":186,"stat.craftItem.minecraft.wooden_pickaxe":1,"stat.killEntity.Bat":2,"stat.pickup.projectred-core.resource_item":3,"stat.mineBlock.thermalfoundation.ore":44,"stat.furnaceInteraction":7,"stat.mineBlock.minecraft.coal_ore":86,"stat.pickup.railcraft.generic":1,"stat.pickup.minecraft.beef":1,"stat.entityKilledBy.Skeleton":3,"achievement.buildSword":1,"achievement.mineWood":37,"stat.craftItem.tconstruct.tooltables":1,"stat.sprintOneCm":135205,"stat.useItem.minecraft.stone_stairs":11,"stat.pickup.minecraft.skull":1,"stat.craftItem.minecraft.stick":28,"achievement.openInventory":39,"stat.pickup.minecraft.stone_stairs":0,"stat.mineBlock.minecraft.diamond_ore":3,"stat.pickup.minecraft.emerald":1,"stat.entityKilledBy.Creeper":1,"achievement.killEnemy":21,"achievement.buildFurnace":1,"stat.deaths":6,"stat.playOneMinute":109913,"stat.killEntity.Zombie":14,"stat.pickup.opencomputers.tool":1,"stat.mineBlock.minecraft.gold_ore":9,"stat.diveOneCm":7216,"stat.chestOpened":29,"stat.useItem.minecraft.stone":23,"stat.mineBlock.projectred-exploration.ore":3,"stat.pickup.minecraft.gravel":2,"stat.pickup.minecraft.arrow":2,"stat.useItem.minecraft.apple":1,"stat.mineBlock.appliedenergistics2.charged_quartz_ore":4,"stat.mineBlock.bigreactors.brore":10,"stat.useItem.minecraft.rotten_flesh":14,"stat.jump":809,"stat.pickup.minecraft.coal":4,"stat.pickup.deepresonance.resonating_ore":1,"stat.fallOneCm":13275,"stat.useItem.tconstruct.tooltables":1,"stat.crouchOneCm":4088,"stat.craftItem.minecraft.torch":44,"stat.craftItem.minecraft.chest":2,"stat.pickup.minecraft.dirt":2,"stat.craftingTableInteraction":1,"stat.pickup.minecraft.iron_ore":3,"stat.pickup.minecraft.gold_ore":2,"stat.mineBlock.minecraft.lapis_ore":11,"stat.pickup.chisel.basaltextra":1,"stat.mineBlock.minecraft.stone_stairs":2,"stat.pickup.minecraft.leather":2,"stat.mineBlock.minecraft.torch":4,"stat.useItem.minecraft.wooden_pickaxe":60,"stat.useItem.minecraft.furnace":1,"stat.pickup.theoneprobe.probenote":1,"stat.pickup.minecraft.dye":3,"stat.entityKilledBy.Zombie":1,"stat.mineBlock.minecraft.gravel":19,"stat.useItem.minecraft.stone_pickaxe":589,"stat.useItem.minecraft.stone_sword":130,"stat.damageDealt":4960,"stat.pickup.environmentaltech.digital_guide":1,"stat.killEntity.Cow":1,"stat.mineBlock.minecraft.dirt":2,"stat.walkOneCm":439753,"stat.useItem.minecraft.torch":71,"stat.useItem.minecraft.chest":2,"stat.pickup.minecraft.stick":2,"stat.craftItem.minecraft.stone_stairs":36,"stat.useItem.minecraft.cobblestone":327,"stat.craftItem.minecraft.crafting_table":1,"stat.breakItem.minecraft.stone_pickaxe":4,"stat.mineBlock.minecraft.emerald_ore":1,"ftbl.stat.last_seen":{"value":0,"progress":1498855668679},"stat.pickup.minecraft.log":1,"stat.pickup.minecraft.iron_pickaxe":1,"stat.pickup.minecraft.stone":8,"stat.pickup.minecraft.sapling":1,"stat.pickup.minecraft.ender_pearl":1,"stat.pickup.minecraft.apple":1,"stat.killEntity.Skeleton":6,"stat.craftItem.minecraft.planks":148,"stat.killEntity.Spider":1,"stat.mobKills":27,"ftbl.stat.first_joined":{"value":0,"progress":1498776553097},"stat.mineBlock.minecraft.log":36,"stat.craftItem.minecraft.wooden_door":3,"stat.useItem.minecraft.wooden_door":3,"stat.pickup.minecraft.diamond":1,"stat.mineBlock.minecraft.leaves":22,"stat.pickup.minecraft.torch":5,"stat.mineBlock.minecraft.redstone_ore":14,"stat.mineBlock.railcraft.generic":7,"stat.sneakTime":1741,"stat.breakItem.minecraft.stone_sword":1,"stat.mineBlock.minecraft.stone":512,"stat.mineBlock.chisel.basaltextra":1,"stat.breakItem.minecraft.wooden_pickaxe":1}