{"stat.useItem.minecraft.bow":13,"stat.leaveGame":8,"stat.pickup.natura.overworld_logs2":31,"stat.mineBlock.actuallyadditions.blockWild":3,"stat.craftItem.minecraft.iron_axe":1,"stat.craftItem.natura.sticks":44,"stat.pickup.bigreactors.brore":2,"stat.mineBlock.gravestone.gravestone":15,"stat.mineBlock.deepresonance.resonating_ore":7,"stat.pickup.harvestcraft.calamarirawitem":1,"stat.useItem.minecraft.water_bucket":35,"stat.pickup.minecraft.rotten_flesh":9,"stat.pickup.minecraft.sand":3,"achievement.diamonds":4,"stat.killEntity.Enderman":1,"stat.craftItem.tconstruct.casting":1,"stat.craftItem.natura.overworld_workbenches":9,"stat.craftItem.minecraft.iron_shovel":1,"stat.pickup.minecraft.brown_mushroom":1,"achievement.buildPickaxe":23,"stat.mineBlock.minecraft.sand":117,"achievement.buildBetterPickaxe":21,"stat.pickup.actuallyadditions.itemBooklet":1,"stat.useItem.minecraft.iron_pickaxe":2208,"stat.craftItem.minecraft.wooden_pickaxe":1,"stat.killEntity.thermalfoundation.basalz":1,"stat.useItem.minecraft.iron_shovel":250,"stat.pickup.projectred-core.resource_item":7,"stat.mineBlock.techreborn.techreborn.ore":7,"stat.furnaceInteraction":56,"stat.pickup.railcraft.generic":2,"stat.pickup.minecraft.furnace":1,"stat.pickup.natura.overworld_workbenches":2,"stat.useItem.natura.overworld_workbenches":10,"achievement.mineWood":10,"stat.pickup.minecraft.skull":1,"stat.mineBlock.harvestcraft.tropicalgarden":1,"achievement.openInventory":118,"stat.craftItem.actuallyadditions.blockMisc":1,"achievement.environmentaltech.open_guide":1,"stat.pickup.minecraft.emerald":1,"stat.deaths":22,"stat.playOneMinute":213518,"stat.craftItem.minecraft.wooden_shovel":2,"stat.craftItem.minecraft.iron_pickaxe":11,"stat.pickup.natura.overworld_seeds":1,"stat.mineBlock.minecraft.tallgrass":4,"stat.pickup.tconstruct.seared":3,"stat.chestOpened":32,"stat.craftItem.minecraft.sign":3,"stat.useItem.minecraft.stone":2,"stat.pickup.minecraft.arrow":4,"stat.mineBlock.appliedenergistics2.charged_quartz_ore":2,"stat.craftItem.actuallyadditions.itemCrafterOnAStick":1,"stat.fallOneCm":12686,"stat.crouchOneCm":21690,"stat.craftItem.minecraft.iron_ingot":45,"stat.craftItem.minecraft.chest":7,"stat.craftingTableInteraction":6,"stat.pickup.techreborn.techreborn.ore":3,"stat.mineBlock.ic2.resource":5,"stat.useItem.minecraft.reeds":4,"stat.useItem.minecraft.furnace":6,"stat.craftItem.tconstruct.materials":128,"stat.pickup.minecraft.dye":18,"stat.mineBlock.natura.overworld_logs2":45,"stat.mineBlock.minecraft.gravel":161,"stat.useItem.minecraft.stone_pickaxe":128,"stat.craftItem.tconstruct.seared_tank":1,"stat.mineBlock.minecraft.dirt":215,"stat.mineBlock.minecraft.monster_egg":1,"stat.useItem.minecraft.torch":38,"stat.craftItem.minecraft.redstone_block":23,"stat.pickup.embers.coreStone":2,"stat.useItem.minecraft.cobblestone":115,"stat.craftItem.minecraft.crafting_table":5,"stat.useItem.minecraft.gravel":1,"stat.useItem.natura.overworld_planks":31,"stat.craftItem.natura.overworld_planks":168,"stat.craftItem.minecraft.boat":1,"stat.mineBlock.minecraft.emerald_ore":3,"stat.pickup.minecraft.log":2,"stat.mineBlock.natura.overworld_leaves2":89,"stat.pickup.minecraft.web":2,"stat.pickup.minecraft.sapling":2,"stat.breakItem.minecraft.stone_shovel":1,"stat.craftItem.tconstruct.smeltery_controller":1,"stat.pickup.actuallyadditions.itemMisc":1,"stat.craftItem.minecraft.bucket":2,"stat.craftItem.minecraft.planks":44,"stat.useItem.minecraft.iron_sword":79,"ftbl.stat.first_joined":{"value":0,"progress":1498777047679},"stat.mineBlock.minecraft.log":12,"stat.useItem.minecraft.stone_hoe":8,"achievement.acquireIron":88,"stat.pickup.natura.overworld_sapling2":1,"stat.sneakTime":7976,"stat.pickup.actuallyadditions.itemRiceSeed":4,"stat.pickup.minecraft.bone":4,"stat.horseOneCm":593,"stat.useItem.minecraft.iron_axe":103,"stat.mineBlock.minecraft.cobblestone":36,"stat.pickup.minecraft.flint":2,"stat.craftItem.tconstruct.faucet":1,"stat.mineBlock.minecraft.brown_mushroom":7,"stat.mineBlock.appliedenergistics2.quartz_ore":7,"stat.swimOneCm":128603,"achievement.buildWorkBench":6,"achievement.ae2.ChargedQuartz":2,"stat.breakItem.minecraft.iron_pickaxe":9,"stat.useItem.minecraft.dirt":63,"stat.pickup.minecraft.bow":1,"achievement.exploreAllBiomes":{"value":0,"progress":["Beach","Stone Beach","Forest","Ocean","River","Extreme Hills","Deep Ocean"]},"stat.craftItem.minecraft.furnace":5,"stat.pickup.thermalfoundation.ore":21,"stat.pickup.chisel.marbleextra":4,"stat.craftItem.minecraft.stone_pickaxe":1,"stat.pickup.minecraft.cobblestone":119,"stat.mineBlock.minecraft.clay":49,"stat.useItem.minecraft.stone_shovel":132,"stat.useItem.actuallyadditions.blockGiantChest":1,"stat.flyOneCm":11749,"stat.pickup.appliedenergistics2.material":4,"stat.pickup.minecraft.redstone":61,"stat.mineBlock.minecraft.iron_ore":126,"stat.timeSinceDeath":3443,"stat.pickup.actuallyadditions.itemFood":3,"ic2.mineOre":5,"stat.craftItem.tconstruct.seared":21,"stat.mineBlock.thermalfoundation.ore":131,"stat.useItem.natura.overworld_seeds":1,"stat.mineBlock.minecraft.coal_ore":108,"stat.pickup.chisel.limestoneextra":1,"stat.killEntity.Creeper":2,"stat.pickup.extrautils2.ingredients":1,"stat.craftItem.minecraft.stone_hoe":1,"stat.craftItem.tconstruct.soil":152,"stat.pickup.minecraft.string":1,"stat.mineBlock.natura.overworld_workbenches":2,"stat.mineBlock.chisel.marbleextra":14,"stat.entityKilledBy.Skeleton":6,"achievement.buildSword":2,"stat.killEntity.Squid":1,"stat.craftItem.tconstruct.tooltables":2,"stat.sprintOneCm":4139,"stat.craftItem.minecraft.stick":16,"stat.pickup.ic2.resource":1,"stat.mineBlock.minecraft.diamond_ore":5,"stat.useItem.tconstruct.casting":1,"stat.useItem.minecraft.wooden_shovel":94,"stat.entityKilledBy.Creeper":2,"achievement.killEnemy":21,"stat.useItem.tconstruct.seared_tank":1,"achievement.buildFurnace":5,"stat.breakItem.minecraft.iron_shovel":1,"stat.useItem.tconstruct.seared":37,"stat.killEntity.Zombie":21,"stat.pickup.enderio.blockEndermanSkull":1,"stat.craftItem.minecraft.clay":46,"stat.mineBlock.minecraft.gold_ore":17,"stat.diveOneCm":128378,"achievement.buildHoe":2,"stat.mineBlock.projectred-exploration.ore":15,"stat.pickup.minecraft.gravel":27,"stat.mineBlock.bigreactors.brore":11,"stat.useItem.minecraft.rotten_flesh":4,"stat.jump":1111,"stat.useItem.minecraft.sand":2,"stat.pickup.minecraft.coal":4,"stat.pickup.deepresonance.resonating_ore":3,"stat.useItem.actuallyadditions.itemCanolaSeed":2,"stat.pickup.minecraft.iron_ingot":10,"stat.useItem.tconstruct.tooltables":2,"stat.useItem.actuallyadditions.itemRiceSeed":2,"stat.pickup.minecraft.gunpowder":3,"stat.craftItem.actuallyadditions.blockGiantChest":1,"stat.pickup.minecraft.spider_eye":1,"stat.craftItem.minecraft.torch":24,"stat.pickup.minecraft.dirt":8,"stat.pickup.minecraft.iron_ore":5,"stat.pickup.actuallyadditions.itemCanolaSeed":2,"stat.boatOneCm":74093,"stat.useItem.minecraft.sapling":6,"stat.pickup.minecraft.gold_ore":2,"stat.mineBlock.minecraft.lapis_ore":15,"stat.mineBlock.minecraft.furnace":1,"stat.mineBlock.minecraft.torch":12,"stat.useItem.minecraft.wooden_pickaxe":38,"stat.mineBlock.chisel.limestoneextra":7,"stat.mineBlock.minecraft.sapling":1,"achievement.xu2.techtree.start":1138,"stat.pickup.minecraft.reeds":3,"stat.entityKilledBy.Zombie":3,"stat.killEntity.embers.ancientGolem":3,"stat.damageDealt":8725,"stat.craftItem.minecraft.glass":6,"stat.killEntity.Silverfish":1,"stat.useItem.minecraft.crafting_table":2,"stat.craftItem.minecraft.iron_sword":1,"stat.craftItem.minecraft.stone_shovel":1,"stat.walkOneCm":773904,"stat.useItem.minecraft.chest":3,"stat.pickup.minecraft.clay_ball":13,"stat.breakItem.minecraft.stone_pickaxe":1,"ftbl.stat.last_seen":{"value":0,"progress":1498855662417},"stat.useItem.tconstruct.faucet":1,"stat.pickup.actuallyadditions.itemWorm":2,"stat.pickup.minecraft.stone":43,"stat.useItem.chisel.limestoneextra":2,"stat.pickup.minecraft.ender_pearl":1,"stat.killEntity.Skeleton":12,"stat.killEntity.Spider":4,"stat.mobKills":47,"stat.useItem.minecraft.boat":1,"stat.pickup.minecraft.diamond":2,"stat.breakItem.minecraft.wooden_shovel":1,"stat.pickup.minecraft.torch":10,"stat.mineBlock.tconstruct.seared":16,"stat.mineBlock.railcraft.generic":31,"stat.mineBlock.minecraft.redstone_ore":50,"stat.mineBlock.minecraft.stone":1655,"stat.useItem.tconstruct.smeltery_controller":1,"stat.breakItem.minecraft.wooden_pickaxe":1}