{"stat.pickup.minecraft.bone":4,"stat.leaveGame":7,"stat.mineBlock.minecraft.cobblestone":63,"stat.entityKilledBy.embers.ancientGolem":1,"stat.mineBlock.appliedenergistics2.quartz_ore":6,"stat.swimOneCm":14052,"stat.useItem.minecraft.planks":1,"achievement.buildWorkBench":4,"stat.mineBlock.gravestone.gravestone":6,"stat.breakItem.minecraft.iron_pickaxe":1,"stat.useItem.minecraft.dirt":3,"stat.pickup.harvestcraft.calamarirawitem":1,"achievement.exploreAllBiomes":{"value":0,"progress":["Beach","Stone Beach","Forest","Ocean","River","Extreme Hills","Deep Ocean"]},"stat.pickup.minecraft.rotten_flesh":3,"stat.pickup.minecraft.sand":1,"stat.craftItem.minecraft.furnace":1,"stat.pickup.thermalfoundation.ore":8,"stat.craftItem.minecraft.stone_axe":1,"stat.craftItem.minecraft.stone_pickaxe":5,"stat.pickup.minecraft.cobblestone":3,"stat.useItem.minecraft.stone_shovel":18,"stat.craftItem.minecraft.stone_sword":1,"stat.flyOneCm":15929,"stat.pickup.appliedenergistics2.material":1,"achievement.buildPickaxe":12,"achievement.buildBetterPickaxe":10,"stat.mineBlock.minecraft.iron_ore":26,"stat.timeSinceDeath":3437,"stat.useItem.minecraft.iron_pickaxe":255,"stat.craftItem.minecraft.wooden_pickaxe":1,"stat.mineBlock.techreborn.techreborn.ore":1,"stat.mineBlock.thermalfoundation.ore":64,"stat.furnaceInteraction":5,"stat.mineBlock.minecraft.coal_ore":29,"stat.pickup.chisel.limestoneextra":1,"stat.mineBlock.chisel.marbleextra":1,"stat.pickup.minecraft.furnace":1,"stat.entityKilledBy.Skeleton":4,"achievement.buildSword":1,"achievement.mineWood":6,"stat.craftItem.tconstruct.tooltables":4,"stat.sprintOneCm":41353,"stat.useItem.minecraft.stone_stairs":10,"stat.craftItem.minecraft.stick":40,"achievement.openInventory":29,"stat.pickup.minecraft.stone_stairs":1,"stat.mineBlock.minecraft.crafting_table":1,"stat.entityKilledBy.Creeper":3,"achievement.killEnemy":1,"achievement.buildFurnace":1,"stat.deaths":12,"stat.mineBlock.minecraft.planks":1,"stat.playOneMinute":134452,"stat.craftItem.minecraft.iron_pickaxe":2,"stat.killEntity.Zombie":1,"stat.mineBlock.minecraft.gold_ore":5,"stat.diveOneCm":7175,"stat.chestOpened":12,"stat.pickup.tconstruct.tooltables":2,"stat.useItem.minecraft.stone":6,"stat.pickup.minecraft.gravel":1,"stat.pickup.minecraft.arrow":4,"stat.useItem.minecraft.apple":1,"stat.jump":665,"stat.pickup.minecraft.coal":2,"stat.fallOneCm":10743,"stat.useItem.tconstruct.tooltables":4,"stat.useItem.minecraft.stone_axe":1,"stat.pickup.minecraft.gunpowder":1,"stat.crouchOneCm":5706,"stat.craftItem.minecraft.chest":2,"stat.craftItem.minecraft.torch":64,"stat.craftItem.minecraft.iron_ingot":11,"stat.pickup.minecraft.dirt":2,"stat.craftingTableInteraction":6,"stat.pickup.minecraft.iron_ore":2,"stat.pickup.techreborn.techreborn.ore":1,"stat.pickup.minecraft.gold_ore":2,"stat.mineBlock.tconstruct.tooltables":2,"stat.mineBlock.minecraft.stone_stairs":8,"stat.mineBlock.minecraft.furnace":1,"stat.mineBlock.minecraft.torch":1,"stat.useItem.minecraft.wooden_pickaxe":15,"stat.useItem.minecraft.furnace":1,"stat.mineBlock.chisel.limestoneextra":1,"stat.pickup.minecraft.planks":88,"stat.entityKilledBy.Zombie":2,"stat.mineBlock.minecraft.gravel":4,"stat.useItem.minecraft.stone_pickaxe":479,"stat.useItem.minecraft.stone_sword":31,"stat.damageDealt":1002,"stat.mineBlock.minecraft.dirt":20,"stat.craftItem.minecraft.stone_shovel":1,"stat.walkOneCm":420751,"stat.useItem.minecraft.torch":28,"stat.useItem.minecraft.chest":2,"stat.craftItem.minecraft.stone_stairs":8,"stat.pickup.minecraft.crafting_table":1,"stat.useItem.minecraft.cobblestone":304,"stat.craftItem.minecraft.crafting_table":3,"stat.mineBlock.minecraft.double_plant":1,"stat.breakItem.minecraft.stone_pickaxe":3,"ftbl.stat.last_seen":{"value":0,"progress":1498855764580},"stat.pickup.minecraft.log":1,"stat.pickup.minecraft.stone":5,"stat.pickup.minecraft.sapling":2,"stat.pickup.minecraft.wooden_door":1,"stat.pickup.minecraft.apple":1,"stat.killEntity.Skeleton":3,"stat.craftItem.minecraft.planks":24,"stat.pickup.minecraft.stone_sword":1,"stat.mobKills":4,"ftbl.stat.first_joined":{"value":0,"progress":1498775842539},"stat.mineBlock.minecraft.log":6,"stat.useItem.minecraft.wooden_door":2,"achievement.acquireIron":8,"stat.mineBlock.minecraft.leaves":5,"stat.pickup.minecraft.torch":0,"stat.sneakTime":1509,"stat.mineBlock.minecraft.stone":523}