{"stat.chestOpened":7,"stat.useItem.minecraft.bow":8,"stat.pickup.minecraft.bone":4,"stat.useItem.minecraft.stone":2,"stat.mineBlock.projectred-exploration.ore":15,"stat.useItem.minecraft.iron_axe":71,"stat.pickup.minecraft.gravel":23,"stat.leaveGame":1,"stat.pickup.minecraft.arrow":3,"stat.mineBlock.minecraft.cobblestone":7,"stat.pickup.natura.overworld_logs2":31,"stat.mineBlock.actuallyadditions.blockWild":2,"stat.pickup.minecraft.flint":1,"stat.craftItem.minecraft.iron_axe":1,"stat.mineBlock.bigreactors.brore":11,"stat.mineBlock.appliedenergistics2.charged_quartz_ore":2,"stat.mineBlock.appliedenergistics2.quartz_ore":7,"stat.useItem.minecraft.rotten_flesh":4,"stat.swimOneCm":55042,"stat.jump":725,"stat.useItem.minecraft.sand":1,"stat.pickup.minecraft.coal":3,"stat.pickup.deepresonance.resonating_ore":2,"stat.fallOneCm":9780,"stat.pickup.minecraft.iron_ingot":10,"stat.craftItem.natura.sticks":24,"stat.pickup.bigreactors.brore":2,"achievement.buildWorkBench":3,"stat.crouchOneCm":16103,"stat.mineBlock.gravestone.gravestone":11,"achievement.ae2.ChargedQuartz":2,"stat.craftItem.minecraft.iron_ingot":31,"stat.breakItem.minecraft.iron_pickaxe":5,"stat.craftItem.minecraft.chest":3,"stat.craftItem.minecraft.torch":24,"stat.useItem.minecraft.dirt":2,"stat.pickup.minecraft.dirt":5,"stat.mineBlock.deepresonance.resonating_ore":5,"stat.pickup.minecraft.bow":1,"achievement.exploreAllBiomes":{"value":0,"progress":["Beach","Stone Beach","Forest","Ocean","River","Extreme Hills","Deep Ocean"]},"stat.useItem.minecraft.water_bucket":4,"stat.craftingTableInteraction":6,"stat.pickup.minecraft.iron_ore":5,"stat.pickup.minecraft.rotten_flesh":3,"stat.pickup.minecraft.sand":1,"stat.pickup.techreborn.techreborn.ore":2,"stat.craftItem.minecraft.furnace":3,"stat.pickup.thermalfoundation.ore":16,"stat.useItem.minecraft.sapling":6,"stat.pickup.minecraft.gold_ore":1,"stat.pickup.chisel.marbleextra":2,"stat.mineBlock.minecraft.lapis_ore":15,"stat.mineBlock.ic2.resource":5,"achievement.diamonds":4,"stat.craftItem.minecraft.stone_pickaxe":1,"stat.mineBlock.minecraft.furnace":1,"stat.mineBlock.minecraft.torch":6,"stat.useItem.minecraft.reeds":4,"stat.useItem.minecraft.wooden_pickaxe":38,"stat.useItem.minecraft.furnace":4,"stat.mineBlock.chisel.limestoneextra":7,"stat.killEntity.Enderman":1,"stat.pickup.minecraft.cobblestone":98,"stat.mineBlock.minecraft.sapling":1,"achievement.xu2.techtree.start":1138,"stat.craftItem.natura.overworld_workbenches":7,"stat.pickup.minecraft.dye":16,"stat.pickup.minecraft.reeds":1,"stat.useItem.minecraft.stone_shovel":34,"stat.mineBlock.natura.overworld_logs2":45,"stat.flyOneCm":7926,"stat.pickup.appliedenergistics2.material":4,"achievement.buildPickaxe":18,"stat.mineBlock.minecraft.sand":22,"stat.entityKilledBy.Zombie":3,"stat.mineBlock.minecraft.gravel":27,"stat.useItem.minecraft.stone_pickaxe":128,"stat.damageDealt":3377,"achievement.buildBetterPickaxe":16,"stat.pickup.minecraft.redstone":57,"stat.mineBlock.minecraft.iron_ore":115,"stat.timeSinceDeath":3178,"stat.pickup.actuallyadditions.itemFood":2,"stat.killEntity.Silverfish":1,"stat.mineBlock.minecraft.dirt":62,"stat.useItem.minecraft.crafting_table":2,"stat.useItem.minecraft.iron_pickaxe":1286,"stat.craftItem.minecraft.wooden_pickaxe":1,"ic2.mineOre":5,"stat.craftItem.minecraft.stone_shovel":1,"stat.mineBlock.minecraft.monster_egg":1,"stat.walkOneCm":363922,"stat.pickup.projectred-core.resource_item":7,"stat.useItem.minecraft.torch":22,"stat.mineBlock.techreborn.techreborn.ore":6,"stat.useItem.minecraft.chest":3,"stat.craftItem.minecraft.redstone_block":23,"stat.mineBlock.thermalfoundation.ore":104,"stat.useItem.minecraft.cobblestone":71,"stat.craftItem.minecraft.crafting_table":2,"stat.furnaceInteraction":17,"stat.useItem.minecraft.gravel":1,"stat.mineBlock.minecraft.coal_ore":89,"stat.craftItem.natura.overworld_planks":64,"stat.breakItem.minecraft.stone_pickaxe":1,"stat.pickup.chisel.limestoneextra":1,"stat.pickup.extrautils2.ingredients":1,"stat.mineBlock.minecraft.emerald_ore":3,"ftbl.stat.last_seen":{"value":0,"progress":1498781830016},"stat.pickup.minecraft.log":1,"stat.mineBlock.natura.overworld_workbenches":1,"stat.pickup.railcraft.generic":1,"stat.mineBlock.chisel.marbleextra":5,"stat.pickup.minecraft.furnace":1,"stat.entityKilledBy.Skeleton":4,"stat.mineBlock.natura.overworld_leaves2":89,"stat.pickup.natura.overworld_workbenches":1,"stat.useItem.natura.overworld_workbenches":8,"stat.pickup.minecraft.web":2,"stat.pickup.minecraft.stone":36,"achievement.mineWood":4,"stat.pickup.minecraft.sapling":2,"stat.useItem.chisel.limestoneextra":2,"stat.pickup.minecraft.ender_pearl":1,"stat.sprintOneCm":3331,"stat.pickup.minecraft.skull":1,"stat.craftItem.minecraft.stick":16,"stat.pickup.ic2.resource":1,"stat.killEntity.Skeleton":11,"stat.craftItem.minecraft.bucket":1,"achievement.openInventory":63,"stat.craftItem.minecraft.planks":20,"achievement.environmentaltech.open_guide":1,"stat.mineBlock.minecraft.diamond_ore":5,"stat.killEntity.Spider":1,"stat.useItem.minecraft.wooden_shovel":60,"stat.mobKills":21,"stat.pickup.minecraft.emerald":1,"ftbl.stat.first_joined":{"value":0,"progress":1498777047679},"stat.mineBlock.minecraft.log":6,"stat.entityKilledBy.Creeper":2,"achievement.buildFurnace":3,"stat.deaths":16,"achievement.acquireIron":48,"stat.pickup.minecraft.diamond":2,"stat.playOneMinute":95631,"stat.craftItem.minecraft.wooden_shovel":1,"stat.breakItem.minecraft.wooden_shovel":1,"stat.pickup.natura.overworld_sapling2":1,"stat.pickup.minecraft.torch":10,"stat.mineBlock.railcraft.generic":15,"stat.mineBlock.minecraft.redstone_ore":47,"stat.sneakTime":6335,"stat.craftItem.minecraft.iron_pickaxe":8,"stat.pickup.natura.overworld_seeds":1,"stat.killEntity.Zombie":6,"stat.pickup.enderio.blockEndermanSkull":1,"stat.pickup.actuallyadditions.itemRiceSeed":1,"stat.mineBlock.minecraft.stone":881,"stat.mineBlock.minecraft.gold_ore":11,"stat.mineBlock.minecraft.tallgrass":3,"stat.diveOneCm":35599,"stat.breakItem.minecraft.wooden_pickaxe":1}