{"stat.pickup.minecraft.bone":4,"stat.leaveGame":5,"stat.mineBlock.minecraft.cobblestone":8,"stat.mineBlock.appliedenergistics2.quartz_ore":6,"stat.swimOneCm":13179,"stat.useItem.minecraft.planks":1,"achievement.buildWorkBench":4,"stat.mineBlock.gravestone.gravestone":3,"stat.useItem.minecraft.dirt":1,"achievement.exploreAllBiomes":{"value":0,"progress":["Beach","Stone Beach","Forest","Ocean","River","Extreme Hills","Deep Ocean"]},"stat.pickup.minecraft.rotten_flesh":3,"stat.pickup.minecraft.sand":1,"stat.craftItem.minecraft.furnace":1,"stat.pickup.thermalfoundation.ore":7,"stat.craftItem.minecraft.stone_axe":1,"stat.craftItem.minecraft.stone_pickaxe":3,"stat.pickup.minecraft.cobblestone":3,"stat.useItem.minecraft.stone_shovel":2,"stat.craftItem.minecraft.stone_sword":1,"stat.flyOneCm":11704,"stat.pickup.appliedenergistics2.material":1,"achievement.buildPickaxe":7,"achievement.buildBetterPickaxe":5,"stat.mineBlock.minecraft.iron_ore":26,"stat.timeSinceDeath":33548,"stat.useItem.minecraft.iron_pickaxe":86,"stat.craftItem.minecraft.wooden_pickaxe":1,"stat.mineBlock.thermalfoundation.ore":60,"stat.furnaceInteraction":5,"stat.mineBlock.minecraft.coal_ore":29,"stat.pickup.chisel.limestoneextra":1,"stat.mineBlock.chisel.marbleextra":1,"stat.pickup.minecraft.furnace":1,"stat.entityKilledBy.Skeleton":4,"achievement.buildSword":1,"achievement.mineWood":6,"stat.craftItem.tconstruct.tooltables":4,"stat.sprintOneCm":33741,"stat.craftItem.minecraft.stick":32,"achievement.openInventory":25,"stat.mineBlock.minecraft.crafting_table":1,"stat.entityKilledBy.Creeper":3,"achievement.buildFurnace":1,"stat.deaths":10,"stat.mineBlock.minecraft.planks":1,"stat.playOneMinute":97376,"stat.craftItem.minecraft.iron_pickaxe":1,"stat.killEntity.Zombie":1,"stat.mineBlock.minecraft.gold_ore":5,"stat.diveOneCm":6422,"stat.chestOpened":3,"stat.pickup.tconstruct.tooltables":2,"stat.useItem.minecraft.stone":6,"stat.pickup.minecraft.gravel":1,"stat.pickup.minecraft.arrow":4,"stat.useItem.minecraft.apple":1,"stat.jump":581,"stat.pickup.minecraft.coal":2,"stat.fallOneCm":6451,"stat.useItem.tconstruct.tooltables":4,"stat.useItem.minecraft.stone_axe":1,"stat.pickup.minecraft.gunpowder":1,"stat.crouchOneCm":67,"stat.craftItem.minecraft.chest":2,"stat.craftItem.minecraft.torch":64,"stat.craftItem.minecraft.iron_ingot":11,"stat.pickup.minecraft.dirt":2,"stat.craftingTableInteraction":6,"stat.pickup.minecraft.iron_ore":2,"stat.pickup.minecraft.gold_ore":2,"stat.mineBlock.tconstruct.tooltables":2,"stat.mineBlock.minecraft.furnace":1,"stat.useItem.minecraft.wooden_pickaxe":15,"stat.useItem.minecraft.furnace":1,"stat.mineBlock.chisel.limestoneextra":1,"stat.pickup.minecraft.planks":88,"stat.entityKilledBy.Zombie":2,"stat.mineBlock.minecraft.gravel":4,"stat.useItem.minecraft.stone_pickaxe":280,"stat.useItem.minecraft.stone_sword":3,"stat.damageDealt":591,"stat.mineBlock.minecraft.dirt":3,"stat.craftItem.minecraft.stone_shovel":1,"stat.walkOneCm":258396,"stat.useItem.minecraft.torch":15,"stat.useItem.minecraft.chest":2,"stat.pickup.minecraft.crafting_table":1,"stat.useItem.minecraft.cobblestone":26,"stat.craftItem.minecraft.crafting_table":3,"stat.mineBlock.minecraft.double_plant":1,"stat.breakItem.minecraft.stone_pickaxe":2,"ftbl.stat.last_seen":{"value":0,"progress":1498781576468},"stat.pickup.minecraft.log":1,"stat.pickup.minecraft.stone":5,"stat.pickup.minecraft.sapling":2,"stat.pickup.minecraft.apple":1,"stat.killEntity.Skeleton":2,"stat.craftItem.minecraft.planks":24,"stat.pickup.minecraft.stone_sword":1,"stat.mobKills":3,"ftbl.stat.first_joined":{"value":0,"progress":1498775842539},"stat.mineBlock.minecraft.log":6,"achievement.acquireIron":8,"stat.mineBlock.minecraft.leaves":5,"stat.pickup.minecraft.torch":0,"stat.sneakTime":25,"stat.mineBlock.minecraft.stone":230}