{"stat.useItem.minecraft.bow":13,"stat.leaveGame":10,"stat.pickup.natura.overworld_logs2":31,"stat.useItem.harvestcraft.calamaricookeditem":1,"stat.mineBlock.actuallyadditions.blockWild":3,"stat.craftItem.minecraft.iron_axe":1,"stat.pickup.tconstruct.edible":4,"stat.craftItem.natura.sticks":44,"stat.pickup.bigreactors.brore":3,"stat.craftItem.harvestcraft.calamaricookeditem":1,"stat.mineBlock.gravestone.gravestone":16,"stat.mineBlock.deepresonance.resonating_ore":8,"stat.pickup.harvestcraft.calamarirawitem":1,"stat.useItem.minecraft.water_bucket":35,"stat.pickup.minecraft.rotten_flesh":9,"stat.pickup.minecraft.sand":6,"achievement.diamonds":4,"achievement.botania:flowerPickup":2,"stat.killEntity.Enderman":1,"stat.craftItem.tconstruct.casting":1,"stat.craftItem.natura.overworld_workbenches":9,"stat.pickup.roots.oldRoot":2,"stat.craftItem.minecraft.iron_shovel":3,"stat.mineBlock.minecraft.snow_layer":8,"stat.pickup.minecraft.brown_mushroom":1,"achievement.buildPickaxe":23,"stat.mineBlock.minecraft.sand":130,"stat.useItem.tconstruct.slime_sapling":12,"achievement.buildBetterPickaxe":21,"stat.pickup.actuallyadditions.itemBooklet":1,"stat.useItem.minecraft.iron_pickaxe":2349,"stat.pickup.tconstruct.slime_sapling":5,"stat.craftItem.minecraft.wooden_pickaxe":1,"stat.killEntity.thermalfoundation.basalz":1,"stat.mineBlock.tconstruct.slime_grass_tall":40,"stat.useItem.minecraft.iron_shovel":485,"stat.pickup.projectred-core.resource_item":7,"stat.mineBlock.techreborn.techreborn.ore":7,"stat.furnaceInteraction":72,"stat.mineBlock.botania.flower":2,"stat.pickup.railcraft.generic":2,"stat.pickup.minecraft.furnace":1,"stat.pickup.natura.overworld_workbenches":2,"stat.useItem.natura.overworld_workbenches":10,"achievement.mineWood":38,"stat.pickup.minecraft.skull":1,"stat.useItem.minecraft.stone_stairs":6,"stat.mineBlock.harvestcraft.tropicalgarden":1,"achievement.openInventory":204,"stat.pickup.minecraft.stone_stairs":1,"stat.craftItem.actuallyadditions.blockMisc":1,"achievement.environmentaltech.open_guide":1,"stat.pickup.tconstruct.slime_dirt":6,"stat.pickup.minecraft.emerald":1,"stat.useItem.minecraft.dye":12,"stat.useItem.natura.edibles":2,"stat.deaths":23,"stat.useItem.tconstruct.smeltery_io":1,"stat.pickup.minecraft.egg":1,"stat.playOneMinute":345442,"stat.craftItem.minecraft.wooden_shovel":2,"stat.craftItem.minecraft.iron_pickaxe":11,"stat.pickup.natura.overworld_seeds":1,"stat.mineBlock.minecraft.tallgrass":5,"stat.pickup.tconstruct.seared":3,"stat.chestOpened":62,"stat.craftItem.minecraft.sign":3,"stat.useItem.minecraft.stone":2,"stat.pickup.minecraft.arrow":4,"stat.mineBlock.appliedenergistics2.charged_quartz_ore":2,"stat.craftItem.actuallyadditions.itemCrafterOnAStick":1,"stat.fallOneCm":28475,"stat.crouchOneCm":86299,"stat.craftItem.tconstruct.toolforge":1,"stat.craftItem.minecraft.iron_ingot":89,"stat.craftItem.minecraft.chest":7,"stat.craftingTableInteraction":8,"stat.pickup.techreborn.techreborn.ore":3,"stat.mineBlock.ic2.resource":7,"stat.pickup.natura.edibles":1,"stat.craftItem.tconstruct.pattern":12,"stat.useItem.minecraft.reeds":4,"stat.useItem.minecraft.furnace":6,"stat.craftItem.tconstruct.materials":132,"stat.pickup.minecraft.dye":20,"stat.mineBlock.natura.overworld_logs2":45,"stat.mineBlock.minecraft.gravel":161,"stat.useItem.minecraft.stone_pickaxe":128,"stat.craftItem.tconstruct.seared_tank":1,"stat.mineBlock.minecraft.dirt":537,"stat.mineBlock.minecraft.monster_egg":1,"stat.useItem.minecraft.torch":51,"stat.craftItem.minecraft.redstone_block":23,"stat.pickup.embers.coreStone":2,"stat.craftItem.minecraft.stone_stairs":4,"stat.useItem.minecraft.cobblestone":313,"stat.craftItem.minecraft.crafting_table":8,"stat.useItem.minecraft.gravel":1,"stat.useItem.natura.overworld_planks":31,"stat.craftItem.natura.overworld_planks":168,"stat.craftItem.minecraft.boat":3,"stat.mineBlock.minecraft.emerald_ore":3,"stat.pickup.minecraft.log":4,"stat.mineBlock.natura.overworld_leaves2":89,"stat.pickup.minecraft.web":2,"stat.pickup.minecraft.sapling":6,"stat.pickup.minecraft.apple":4,"stat.breakItem.minecraft.stone_shovel":2,"stat.craftItem.tconstruct.smeltery_controller":1,"stat.pickup.actuallyadditions.itemMisc":5,"stat.craftItem.minecraft.bucket":2,"stat.craftItem.minecraft.planks":132,"stat.useItem.minecraft.iron_sword":79,"stat.mineBlock.tconstruct.slime_grass":186,"ftbl.stat.first_joined":{"value":0,"progress":1498777047679},"stat.mineBlock.minecraft.log":40,"stat.useItem.minecraft.stone_hoe":8,"achievement.acquireIron":118,"stat.pickup.natura.overworld_sapling2":1,"stat.useItem.natura.overworld_berrybush_blackberry":1,"stat.sneakTime":22883,"stat.pickup.actuallyadditions.itemRiceSeed":4,"stat.useItem.tconstruct.slime_congealed":7,"stat.pickup.minecraft.bone":6,"stat.mineBlock.tconstruct.slime_sapling":2,"stat.horseOneCm":593,"stat.useItem.minecraft.iron_axe":164,"stat.mineBlock.minecraft.cobblestone":47,"stat.pickup.minecraft.flint":2,"stat.craftItem.tconstruct.faucet":1,"stat.mineBlock.minecraft.brown_mushroom":7,"stat.mineBlock.appliedenergistics2.quartz_ore":7,"stat.swimOneCm":151129,"stat.climbOneCm":545,"achievement.buildWorkBench":9,"achievement.ae2.ChargedQuartz":2,"stat.breakItem.minecraft.iron_pickaxe":9,"stat.useItem.minecraft.dirt":368,"stat.mineBlock.natura.overworld_berrybush_blackberry":1,"stat.pickup.minecraft.bow":1,"achievement.exploreAllBiomes":{"value":0,"progress":["Beach","Stone Beach","Forest","Ocean","River","Extreme Hills","Deep Ocean"]},"stat.mineBlock.tconstruct.slime_vine_purple_end":3,"stat.craftItem.minecraft.furnace":5,"stat.pickup.thermalfoundation.ore":23,"stat.pickup.chisel.marbleextra":5,"stat.craftItem.minecraft.stone_pickaxe":1,"stat.pickup.minecraft.cobblestone":125,"stat.mineBlock.minecraft.clay":49,"stat.useItem.minecraft.stone_shovel":264,"stat.useItem.actuallyadditions.blockGiantChest":1,"stat.flyOneCm":15369,"stat.pickup.appliedenergistics2.material":4,"stat.pickup.minecraft.redstone":61,"stat.ae2.TurnedCranks":17,"stat.mineBlock.minecraft.iron_ore":134,"stat.timeSinceDeath":78735,"stat.pickup.actuallyadditions.itemFood":3,"ic2.mineOre":7,"stat.craftItem.minecraft.iron_block":4,"stat.craftItem.tconstruct.seared":25,"stat.mineBlock.thermalfoundation.ore":140,"stat.useItem.natura.overworld_seeds":1,"stat.mineBlock.minecraft.coal_ore":140,"stat.pickup.chisel.limestoneextra":1,"stat.killEntity.Creeper":4,"stat.pickup.extrautils2.ingredients":1,"stat.craftItem.minecraft.stone_hoe":1,"stat.craftItem.tconstruct.soil":152,"stat.pickup.minecraft.string":1,"stat.mineBlock.natura.overworld_workbenches":2,"stat.mineBlock.chisel.marbleextra":17,"stat.entityKilledBy.Skeleton":6,"achievement.buildSword":2,"stat.killEntity.Squid":1,"stat.craftItem.tconstruct.tooltables":7,"stat.sprintOneCm":8426,"stat.useItem.tconstruct.slime_dirt":182,"stat.craftItem.minecraft.stick":28,"stat.pickup.ic2.resource":2,"stat.mineBlock.minecraft.diamond_ore":5,"stat.useItem.tconstruct.casting":1,"stat.useItem.minecraft.wooden_shovel":120,"stat.entityKilledBy.Creeper":2,"stat.pickup.botania.flower":1,"achievement.killEnemy":33,"stat.useItem.tconstruct.seared_tank":1,"achievement.buildFurnace":5,"stat.breakItem.minecraft.iron_shovel":1,"stat.useItem.tconstruct.seared":37,"stat.killEntity.Zombie":22,"stat.craftItem.minecraft.dye":12,"stat.pickup.minecraft.snowball":1,"stat.pickup.enderio.blockEndermanSkull":1,"stat.craftItem.minecraft.clay":46,"stat.mineBlock.minecraft.gold_ore":17,"stat.diveOneCm":154802,"stat.pickup.tconstruct.tooltables":1,"achievement.buildHoe":2,"stat.mineBlock.projectred-exploration.ore":15,"stat.pickup.minecraft.gravel":27,"stat.mineBlock.tconstruct.slime_leaves":310,"stat.useItem.minecraft.apple":5,"stat.mineBlock.bigreactors.brore":13,"stat.mineBlock.tconstruct.slime_dirt":4,"stat.useItem.minecraft.rotten_flesh":4,"stat.jump":1891,"stat.useItem.minecraft.sand":7,"stat.pickup.minecraft.coal":5,"stat.pickup.deepresonance.resonating_ore":4,"stat.useItem.actuallyadditions.itemCanolaSeed":2,"stat.pickup.minecraft.iron_ingot":10,"stat.useItem.tconstruct.tooltables":7,"stat.useItem.actuallyadditions.itemRiceSeed":5,"stat.pickup.minecraft.gunpowder":5,"stat.craftItem.actuallyadditions.blockGiantChest":1,"stat.pickup.minecraft.spider_eye":1,"stat.craftItem.minecraft.torch":40,"stat.pickup.minecraft.dirt":19,"stat.pickup.minecraft.iron_ore":6,"stat.pickup.tconstruct.slime_congealed":4,"stat.pickup.actuallyadditions.itemCanolaSeed":2,"stat.boatOneCm":120885,"stat.useItem.minecraft.sapling":30,"stat.pickup.minecraft.gold_ore":2,"stat.mineBlock.minecraft.lapis_ore":17,"stat.mineBlock.tconstruct.tooltables":1,"stat.mineBlock.minecraft.stone_stairs":3,"stat.mineBlock.minecraft.furnace":1,"stat.mineBlock.minecraft.torch":15,"stat.killEntity.tconstruct.blueslime":7,"stat.useItem.minecraft.wooden_pickaxe":38,"stat.mineBlock.chisel.limestoneextra":7,"stat.mineBlock.minecraft.sapling":1,"achievement.xu2.techtree.start":1138,"stat.pickup.natura.overworld_berrybush_blackberry":1,"stat.pickup.minecraft.reeds":3,"stat.entityKilledBy.Zombie":3,"stat.killEntity.embers.ancientGolem":3,"stat.damageDealt":10125,"stat.craftItem.minecraft.glass":6,"stat.killEntity.Silverfish":1,"stat.useItem.minecraft.crafting_table":3,"stat.craftItem.minecraft.iron_sword":1,"stat.craftItem.minecraft.stone_shovel":2,"stat.walkOneCm":1361843,"stat.useItem.minecraft.chest":3,"stat.craftItem.tconstruct.smeltery_io":1,"stat.pickup.minecraft.clay_ball":13,"stat.breakItem.minecraft.stone_pickaxe":1,"ftbl.stat.last_seen":{"value":0,"progress":1498861885107},"stat.useItem.tconstruct.faucet":1,"stat.pickup.actuallyadditions.itemWorm":2,"stat.pickup.minecraft.stone":45,"stat.useItem.chisel.limestoneextra":2,"stat.pickup.minecraft.ender_pearl":1,"stat.killEntity.Skeleton":14,"stat.killEntity.Spider":4,"stat.mobKills":59,"stat.useItem.minecraft.boat":3,"stat.pickup.minecraft.diamond":2,"stat.mineBlock.minecraft.leaves":501,"stat.breakItem.minecraft.wooden_shovel":2,"stat.pickup.minecraft.torch":10,"stat.mineBlock.tconstruct.seared":17,"stat.mineBlock.railcraft.generic":31,"stat.mineBlock.minecraft.redstone_ore":50,"stat.useItem.tconstruct.toolforge":1,"stat.mineBlock.minecraft.stone":1719,"stat.useItem.tconstruct.smeltery_controller":1,"stat.breakItem.minecraft.wooden_pickaxe":1}