{"stat.pickup.tconstruct.book":1,"stat.leaveGame":2,"stat.mineBlock.actuallyadditions.blockWild":3,"stat.pickup.bigreactors.brore":1,"stat.craftItem.minecraft.stone_pressure_plate":1,"stat.pickup.minecraft.porkchop":4,"stat.pickup.xreliquary.mob_ingredient":4,"stat.mineBlock.gravestone.gravestone":6,"stat.mineBlock.deepresonance.resonating_ore":1,"stat.pickup.minecraft.rotten_flesh":9,"stat.craftItem.harvestcraft.juiceritem":1,"stat.craftItem.minecraft.stone_axe":3,"stat.killEntity.Enderman":4,"stat.craftItem.bigreactors.wrench":1,"stat.craftItem.minecraft.stone_sword":1,"stat.craftItem.minecraft.iron_shovel":1,"stat.mineBlock.minecraft.sand":1,"achievement.buildPickaxe":12,"stat.killEntity.Witch":1,"achievement.buildBetterPickaxe":10,"stat.craftItem.extrautils2.machine":6,"stat.useItem.minecraft.iron_pickaxe":189,"stat.craftItem.minecraft.wooden_pickaxe":1,"stat.craftItem.minecraft.bed":3,"stat.pickup.projectred-core.resource_item":3,"stat.pickup.bigreactors.wrench":2,"stat.furnaceInteraction":56,"stat.pickup.harvestcraft.juiceritem":1,"stat.craftItem.thermalfoundation.material":5,"stat.pickup.railcraft.generic":1,"stat.pickup.minecraft.beef":3,"stat.useItem.minecraft.cooked_mutton":12,"stat.pickup.minecraft.furnace":3,"achievement.mineWood":157,"stat.useItem.minecraft.stone_stairs":11,"stat.pickup.minecraft.skull":2,"achievement.openInventory":141,"stat.pickup.minecraft.stone_stairs":0,"stat.pickup.minecraft.emerald":1,"stat.useItem.natura.edibles":3,"stat.deaths":6,"stat.playOneMinute":252537,"stat.pickup.thermalexpansion.tank":4,"stat.mineBlock.minecraft.tallgrass":7,"stat.craftItem.minecraft.cooked_mutton":11,"stat.pickup.minecraft.cooked_mutton":0,"stat.chestOpened":236,"stat.craftItem.minecraft.sign":9,"stat.useItem.minecraft.stone":23,"stat.pickup.minecraft.arrow":2,"stat.mineBlock.appliedenergistics2.charged_quartz_ore":4,"stat.pickup.minecraft.cooked_chicken":2,"stat.fallOneCm":26034,"stat.crouchOneCm":9410,"achievement.killCow":3,"stat.mineBlock.minecraft.chest":19,"stat.craftItem.minecraft.chest":13,"stat.craftItem.minecraft.iron_ingot":52,"stat.craftingTableInteraction":1,"stat.pickup.chisel.basaltextra":1,"stat.pickup.natura.edibles":7,"stat.useItem.minecraft.furnace":19,"stat.pickup.theoneprobe.probenote":1,"stat.pickup.minecraft.dye":3,"stat.pickup.minecraft.planks":21,"stat.useItem.bibliocraft.Shelf":1,"stat.mineBlock.minecraft.gravel":19,"stat.useItem.minecraft.stone_pickaxe":771,"stat.breakItem.minecraft.stone_axe":2,"stat.useItem.minecraft.stone_sword":130,"stat.mineBlock.minecraft.dirt":9,"stat.useItem.minecraft.torch":83,"stat.craftItem.minecraft.stone_stairs":36,"stat.useItem.minecraft.cobblestone":354,"stat.craftItem.minecraft.crafting_table":1,"stat.craftItem.enderio.itemMachinePart":1,"stat.mineBlock.minecraft.emerald_ore":1,"stat.pickup.minecraft.log":99,"stat.pickup.minecraft.iron_pickaxe":1,"stat.craftItem.minecraft.gold_ingot":9,"stat.pickup.minecraft.sapling":4,"stat.pickup.minecraft.apple":2,"stat.craftItem.minecraft.bucket":1,"stat.craftItem.minecraft.planks":304,"stat.craftItem.enderio.blockAlloySmelter":1,"ftbl.stat.first_joined":{"value":0,"progress":1498776553097},"stat.mineBlock.minecraft.log":154,"stat.craftItem.minecraft.wooden_door":3,"stat.useItem.minecraft.wooden_door":3,"achievement.acquireIron":36,"stat.useItem.natura.overworld_berrybush_blackberry":3,"stat.sneakTime":3071,"stat.pickup.minecraft.wool":4,"stat.pickup.minecraft.yellow_flower":1,"stat.pickup.actuallyadditions.itemRiceSeed":1,"stat.pickup.minecraft.chest":5,"stat.pickup.minecraft.bone":3,"stat.horseOneCm":908,"stat.mineBlock.minecraft.cobblestone":35,"stat.pickup.minecraft.flint":2,"stat.mineBlock.minecraft.yellow_flower":7,"stat.craftItem.minecraft.wool":2,"stat.mineBlock.appliedenergistics2.quartz_ore":12,"stat.pickup.actuallyadditions.itemCoffeeBeans":1,"stat.swimOneCm":68061,"achievement.buildWorkBench":1,"achievement.ae2.ChargedQuartz":6,"stat.useItem.thermalexpansion.tank":5,"stat.mineBlock.natura.overworld_berrybush_blackberry":3,"stat.useItem.minecraft.dirt":1,"stat.pickup.minecraft.bow":2,"achievement.exploreAllBiomes":{"value":0,"progress":["Beach","Stone Beach","Forest","Ocean","River","Plains","Extreme Hills","Swampland","Deep Ocean"]},"stat.craftItem.minecraft.furnace":9,"stat.pickup.thermalfoundation.ore":11,"stat.pickup.chisel.marbleextra":1,"stat.craftItem.bibliocraft.Shelf":1,"stat.craftItem.minecraft.stone_pickaxe":6,"stat.craftItem.minecraft.cooked_beef":3,"stat.pickup.minecraft.cobblestone":25,"stat.flyOneCm":108225,"stat.pickup.appliedenergistics2.material":6,"stat.useItem.minecraft.cooked_beef":3,"stat.craftItem.minecraft.wooden_slab":6,"stat.pickup.minecraft.redstone":4,"stat.ae2.TurnedCranks":308,"stat.mineBlock.minecraft.iron_ore":64,"stat.timeSinceDeath":182314,"stat.pickup.actuallyadditions.itemFood":1,"stat.useItem.minecraft.sign":9,"stat.pickup.minecraft.mutton":1,"stat.killEntity.Bat":2,"stat.mineBlock.thermalfoundation.ore":50,"stat.mineBlock.minecraft.coal_ore":130,"stat.craftItem.thermalexpansion.tank":1,"stat.killEntity.Creeper":1,"stat.entityKilledBy.Skeleton":3,"achievement.buildSword":2,"stat.craftItem.tconstruct.tooltables":1,"stat.sprintOneCm":312547,"stat.craftItem.minecraft.stick":36,"stat.useItem.minecraft.bed":3,"stat.craftItem.minecraft.stone":13,"stat.craftItem.minecraft.gold_nugget":9,"stat.mineBlock.minecraft.diamond_ore":3,"stat.entityKilledBy.Creeper":1,"achievement.killEnemy":32,"achievement.buildFurnace":16,"stat.killEntity.Sheep":12,"stat.killEntity.Zombie":20,"stat.pickup.opencomputers.tool":2,"stat.craftItem.minecraft.dye":7,"stat.mineBlock.minecraft.gold_ore":9,"stat.diveOneCm":19525,"stat.pickup.tconstruct.tooltables":1,"stat.mineBlock.projectred-exploration.ore":3,"stat.useItem.extrautils2.machine":1,"stat.pickup.minecraft.gravel":2,"stat.pickup.minecraft.stone_axe":1,"stat.useItem.minecraft.apple":1,"stat.mineBlock.bigreactors.brore":10,"stat.useItem.minecraft.rotten_flesh":20,"stat.jump":1412,"stat.pickup.minecraft.coal":7,"stat.pickup.deepresonance.resonating_ore":1,"stat.useItem.tconstruct.tooltables":2,"stat.useItem.minecraft.stone_axe":259,"stat.pickup.minecraft.gunpowder":2,"stat.craftItem.minecraft.torch":44,"stat.pickup.minecraft.dirt":4,"stat.useItem.minecraft.cooked_chicken":2,"stat.pickup.minecraft.iron_ore":3,"stat.boatOneCm":345912,"stat.pickup.minecraft.gold_ore":2,"stat.mineBlock.minecraft.lapis_ore":11,"stat.mineBlock.tconstruct.tooltables":1,"stat.mineBlock.minecraft.stone_stairs":2,"stat.pickup.minecraft.leather":4,"stat.craftItem.minecraft.iron_bars":16,"stat.mineBlock.minecraft.torch":8,"stat.mineBlock.minecraft.furnace":14,"stat.useItem.minecraft.wooden_pickaxe":60,"stat.pickup.natura.overworld_berrybush_blackberry":1,"stat.pickup.minecraft.reeds":3,"stat.entityKilledBy.Zombie":1,"stat.damageDealt":10466,"stat.craftItem.minecraft.glass":47,"stat.craftItem.minecraft.cauldron":1,"stat.pickup.environmentaltech.digital_guide":1,"stat.killEntity.Cow":5,"stat.killEntity.Pig":1,"stat.craftItem.minecraft.iron_sword":1,"stat.craftItem.enderio.itemBasicCapacitor":1,"stat.walkOneCm":793107,"stat.useItem.minecraft.chest":31,"stat.pickup.minecraft.stick":2,"stat.craftItem.enderio.itemAlloy":3,"stat.breakItem.minecraft.stone_pickaxe":5,"ftbl.stat.last_seen":{"value":0,"progress":1498861123385},"stat.pickup.minecraft.stone":9,"stat.pickup.minecraft.ender_pearl":3,"stat.killEntity.Skeleton":7,"stat.killEntity.Spider":1,"stat.pickup.actuallyadditions.itemCoffeeSeed":2,"stat.mobKills":55,"stat.pickup.minecraft.diamond":1,"stat.mineBlock.minecraft.leaves":37,"stat.pickup.minecraft.torch":6,"stat.mineBlock.minecraft.redstone_ore":14,"stat.mineBlock.railcraft.generic":7,"stat.useItem.enderio.blockAlloySmelter":1,"stat.breakItem.minecraft.stone_sword":1,"stat.mineBlock.minecraft.stone":610,"stat.mineBlock.chisel.basaltextra":1,"stat.breakItem.minecraft.wooden_pickaxe":1}