{"stat.killEntity.EntityHorse":1,"stat.leaveGame":8,"stat.entityKilledBy.embers.ancientGolem":1,"stat.useItem.minecraft.planks":1,"stat.pickup.minecraft.porkchop":3,"stat.mineBlock.gravestone.gravestone":7,"stat.pickup.harvestcraft.calamarirawitem":1,"stat.pickup.minecraft.rotten_flesh":5,"stat.pickup.minecraft.sand":3,"stat.pickup.natura.materials":1,"stat.craftItem.minecraft.stone_axe":1,"stat.craftItem.minecraft.stone_sword":1,"stat.craftItem.minecraft.iron_shovel":1,"achievement.buildPickaxe":14,"stat.mineBlock.minecraft.sand":86,"stat.entityKilledBy.thermalfoundation.basalz":1,"achievement.buildBetterPickaxe":12,"stat.useItem.minecraft.fence_gate":4,"stat.useItem.minecraft.iron_pickaxe":502,"stat.craftItem.minecraft.wooden_pickaxe":1,"stat.useItem.minecraft.iron_shovel":24,"stat.mineBlock.techreborn.techreborn.ore":1,"stat.furnaceInteraction":48,"stat.pickup.minecraft.fence_gate":1,"stat.pickup.minecraft.beef":4,"stat.pickup.minecraft.furnace":1,"achievement.mineWood":12,"stat.useItem.minecraft.fence":14,"stat.useItem.minecraft.stone_stairs":20,"achievement.openInventory":89,"stat.pickup.minecraft.stone_stairs":1,"stat.mineBlock.minecraft.fence":3,"stat.craftItem.minecraft.fence_gate":2,"stat.deaths":16,"stat.playOneMinute":213173,"stat.craftItem.minecraft.iron_pickaxe":3,"stat.pickup.natura.overworld_seeds":1,"stat.mineBlock.immersiveengineering.stoneDecoration":12,"stat.mineBlock.minecraft.tallgrass":2,"stat.craftItem.minecraft.cooked_mutton":17,"stat.chestOpened":60,"stat.useItem.minecraft.stone":6,"stat.useItem.chisel.marbleextra":1,"stat.craftItem.appliedenergistics2.material":1,"stat.pickup.minecraft.arrow":4,"stat.useItem.minecraft.clay":14,"stat.craftItem.appliedenergistics2.grindstone":1,"stat.fallOneCm":27573,"stat.crouchOneCm":8349,"achievement.killCow":2,"stat.craftItem.minecraft.chest":2,"stat.craftItem.minecraft.iron_ingot":19,"stat.craftingTableInteraction":6,"stat.pickup.techreborn.techreborn.ore":1,"stat.pickup.minecraft.feather":1,"stat.useItem.minecraft.furnace":2,"stat.pickup.minecraft.planks":88,"stat.mineBlock.minecraft.gravel":4,"stat.useItem.minecraft.stone_pickaxe":479,"stat.useItem.minecraft.stone_sword":135,"stat.mineBlock.minecraft.dirt":49,"stat.useItem.minecraft.torch":77,"stat.craftItem.minecraft.stone_stairs":8,"stat.pickup.minecraft.crafting_table":1,"stat.useItem.minecraft.cobblestone":578,"stat.craftItem.minecraft.crafting_table":3,"stat.mineBlock.minecraft.double_plant":1,"stat.pickup.minecraft.log":7,"stat.pickup.minecraft.chicken":1,"stat.pickup.minecraft.sapling":2,"stat.pickup.minecraft.wooden_door":1,"stat.pickup.minecraft.apple":1,"stat.craftItem.immersiveengineering.tool":1,"stat.breakItem.minecraft.stone_shovel":1,"stat.pickup.actuallyadditions.itemMisc":1,"stat.craftItem.minecraft.planks":44,"stat.useItem.minecraft.iron_sword":105,"stat.pickup.minecraft.stone_sword":1,"ftbl.stat.first_joined":{"value":0,"progress":1498775842539},"stat.mineBlock.minecraft.log":11,"stat.craftItem.minecraft.cooked_chicken":2,"stat.useItem.minecraft.wooden_door":2,"achievement.acquireIron":20,"stat.sneakTime":2447,"stat.pickup.minecraft.wool":2,"stat.pickup.actuallyadditions.itemRiceSeed":1,"stat.pickup.minecraft.bone":4,"stat.horseOneCm":2490,"stat.mineBlock.minecraft.cobblestone":167,"stat.mineBlock.appliedenergistics2.quartz_ore":6,"stat.swimOneCm":31355,"achievement.buildWorkBench":4,"stat.craftItem.appliedenergistics2.crank":1,"stat.breakItem.minecraft.iron_pickaxe":2,"stat.useItem.minecraft.dirt":22,"stat.pickup.minecraft.bow":1,"achievement.exploreAllBiomes":{"value":0,"progress":["Beach","Stone Beach","Forest","Ocean","River","Extreme Hills","Deep Ocean"]},"stat.craftItem.minecraft.furnace":1,"stat.pickup.thermalfoundation.ore":9,"stat.pickup.chisel.marbleextra":1,"stat.useItem.appliedenergistics2.crank":1,"stat.craftItem.minecraft.stone_pickaxe":5,"stat.craftItem.minecraft.cooked_beef":10,"stat.pickup.minecraft.cobblestone":9,"stat.mineBlock.minecraft.clay":23,"stat.useItem.minecraft.stone_shovel":134,"stat.flyOneCm":32031,"stat.pickup.appliedenergistics2.material":1,"stat.useItem.minecraft.cooked_beef":9,"stat.ae2.TurnedCranks":19,"stat.mineBlock.minecraft.iron_ore":26,"stat.timeSinceDeath":25635,"stat.pickup.actuallyadditions.itemFood":1,"stat.pickup.minecraft.mutton":3,"stat.mineBlock.thermalfoundation.ore":68,"stat.useItem.natura.overworld_seeds":1,"stat.mineBlock.minecraft.coal_ore":30,"stat.pickup.chisel.limestoneextra":2,"stat.pickup.minecraft.string":3,"stat.mineBlock.chisel.marbleextra":2,"stat.entityKilledBy.Skeleton":4,"achievement.buildSword":3,"stat.craftItem.tconstruct.tooltables":4,"stat.sprintOneCm":116903,"stat.craftItem.minecraft.stick":88,"stat.craftItem.minecraft.stone":3,"stat.mineBlock.minecraft.crafting_table":1,"stat.entityKilledBy.Creeper":3,"achievement.killEnemy":9,"achievement.buildFurnace":1,"stat.mineBlock.minecraft.planks":1,"stat.killEntity.Sheep":6,"stat.killEntity.Zombie":5,"stat.mineBlock.minecraft.gold_ore":5,"stat.diveOneCm":19758,"stat.craftItem.minecraft.sandstone":9,"stat.pickup.tconstruct.tooltables":2,"stat.pickup.minecraft.gravel":1,"stat.useItem.minecraft.apple":1,"stat.jump":1092,"stat.pickup.minecraft.fence":0,"stat.pickup.minecraft.coal":3,"stat.useItem.tconstruct.tooltables":4,"stat.useItem.minecraft.stone_axe":14,"stat.pickup.minecraft.gunpowder":1,"stat.craftItem.minecraft.torch":124,"stat.pickup.minecraft.dirt":10,"stat.pickup.minecraft.iron_ore":2,"stat.pickup.immersiveengineering.stoneDecoration":1,"stat.pickup.tconstruct.slime_congealed":1,"stat.useItem.immersiveengineering.stoneDecoration":39,"stat.pickup.actuallyadditions.itemCanolaSeed":1,"stat.pickup.minecraft.gold_ore":2,"stat.mineBlock.tconstruct.tooltables":2,"stat.mineBlock.minecraft.stone_stairs":16,"stat.pickup.minecraft.leather":2,"stat.mineBlock.minecraft.furnace":1,"stat.mineBlock.minecraft.torch":6,"stat.useItem.minecraft.wooden_pickaxe":15,"stat.mineBlock.chisel.limestoneextra":2,"stat.pickup.minecraft.reeds":1,"stat.mineBlock.minecraft.fence_gate":2,"stat.entityKilledBy.Zombie":4,"stat.useItem.appliedenergistics2.grindstone":1,"stat.damageDealt":4320,"stat.killEntity.Cow":2,"stat.killEntity.Pig":1,"stat.craftItem.minecraft.iron_sword":1,"stat.craftItem.minecraft.stone_shovel":1,"stat.walkOneCm":680307,"stat.craftItem.immersiveengineering.stoneDecoration":27,"stat.useItem.minecraft.chest":2,"stat.pickup.minecraft.clay_ball":12,"stat.breakItem.minecraft.stone_pickaxe":3,"ftbl.stat.last_seen":{"value":0,"progress":1498862805408},"stat.pickup.minecraft.stone":6,"stat.killEntity.Skeleton":7,"stat.killEntity.Chicken":2,"stat.mobKills":25,"stat.craftItem.minecraft.fence":15,"stat.mineBlock.minecraft.leaves":6,"stat.pickup.minecraft.torch":0,"stat.craftItem.minecraft.brick":42,"stat.breakItem.minecraft.stone_sword":1,"stat.mineBlock.minecraft.stone":625}